{
    "train-aucpr": 0.942585,
    "test-aucpr": 0.79502,
    "test-tpr": 0.6376811594202898,
    "test-tnr": 0.999731867542566,
    "test-recall": 0.8461538461538461,
    "val-aucpr": 0.799134,
    "val-tpr": 0.5692307692307692,
    "val-tnr": 0.9997262202753442,
    "val-recall": 0.8409090909090909
}