{
    "train-aucpr": 0.803771,
    "test-aucpr": 0.773399,
    "test-tpr": 0.9102564102564102,
    "test-tnr": 0.999447532310989,
    "test-recall": 0.6826923076923077,
    "val-aucpr": 0.827014,
    "val-tpr": 0.9393939393939394,
    "val-tnr": 0.9994921875,
    "val-recall": 0.7045454545454546
}