{
    "train-aucpr": 0.784793,
    "test-aucpr": 0.775098,
    "test-tpr": 0.5426829268292683,
    "test-tnr": 0.9997485162458505,
    "test-recall": 0.8557692307692307,
    "val-aucpr": 0.786076,
    "val-tpr": 0.6060606060606061,
    "val-tnr": 0.9998435483240115,
    "val-recall": 0.9090909090909091
}