{
    "train-auc": 0.998523,
    "test-auc": 0.985639,
    "tpr": 0.898876404494382,
    "tnr": 0.9996835053540344
}